{"cameraMode":{"drawMode":0,"name":"Shaded","section":"Shading Mode"},"sceneLighting":true,"audioPlay":false,"sceneViewState":{"showFog":false,"showMaterialUpdate":false,"showSkybox":false,"showFlares":false,"showImageEffects":false,"showParticleSystems":true},"in2DMode":false,"pivot":{"x":384.17547607421877,"y":275.71844482421877,"z":-4.124603271484375},"rotation":{"x":0.14822910726070405,"y":0.020761489868164064,"z":-0.0031127119436860086,"w":0.9887301921844482},"size":481.43548583984377,"orthographic":false}