{"cameraMode":{"drawMode":0,"name":"Shaded","section":"Shading Mode"},"sceneLighting":true,"audioPlay":false,"sceneViewState":{"showFog":false,"showMaterialUpdate":false,"showSkybox":false,"showFlares":false,"showImageEffects":false,"showParticleSystems":true},"in2DMode":false,"pivot":{"x":120.83924865722656,"y":85.35882568359375,"z":-214.35189819335938},"rotation":{"x":0.3433256447315216,"y":-0.35051995515823367,"z":0.139925017952919,"w":0.8600490093231201},"size":481.43548583984377,"orthographic":false}