{"cameraMode":{"drawMode":0,"name":"Shaded","section":"Shading Mode"},"sceneLighting":true,"audioPlay":false,"sceneViewState":{"showFog":false,"showMaterialUpdate":false,"showSkybox":false,"showFlares":false,"showImageEffects":false,"showParticleSystems":true},"in2DMode":false,"pivot":{"x":-0.08344316482543946,"y":0.8885784149169922,"z":0.30349040031433108},"rotation":{"x":0.25371795892715456,"y":-0.5417720079421997,"z":0.17582368850708009,"w":0.7817904353141785},"size":8.297669410705567,"orthographic":false}